mysql> use university;
Database changed
mysql> use course;
Database changed
mysql> select * from course;
+-------+---------+-------------+-----------------+---------+
| regno | name    | totalcourse | completedcourse | arrears |
+-------+---------+-------------+-----------------+---------+
|   234 | sravani |          34 |              15 |       1 |
|   567 | vivek   |          37 |              17 |       0 |
|   334 | chandu  |          25 |              18 |       0 |
|   225 | hansika |          38 |              20 |       1 |
+-------+---------+-------------+-----------------+---------+
4 rows in set (0.00 sec)

mysql> select * from course where regno in(select regno from course where completedcourse>15);
+-------+---------+-------------+-----------------+---------+
| regno | name    | totalcourse | completedcourse | arrears |
+-------+---------+-------------+-----------------+---------+
|   567 | vivek   |          37 |              17 |       0 |
|   334 | chandu  |          25 |              18 |       0 |
|   225 | hansika |          38 |              20 |       1 |
+-------+---------+-------------+-----------------+---------+
3 rows in set (0.00 sec)
mysql> select regno,name,completedcourse from course where arrears>0;
+-------+---------+-----------------+
| regno | name    | completedcourse |
+-------+---------+-----------------+
|   234 | sravani |              15 |
|   225 | hansika |              20 |
+-------+---------+-----------------+
2 rows in set (0.00 sec)
mysql>
